id,listing_id,number_of_reviews,number_of_reviews_ltm,number_of_reviews_l30d,first_review,last_review,review_scores_rating,review_scores_accuracy,review_scores_cleanliness,review_scores_checkin,review_scores_communication,review_scores_location,review_scores_value,reviews_per_month
1,2992450,9,0,0,2014-07-01,2022-08-17,3.56,3.44,3.56,4.22,4.56,3.22,3.67,0.07
2,3820211,305,16,0,2014-08-15,2024-07-31,4.75,4.89,4.87,4.85,4.81,4.82,4.78,2.49
3,5651579,366,40,5,2015-05-08,2024-08-27,4.51,4.62,4.45,4.81,4.87,4.76,4.63,3.22
4,6623339,328,25,0,2015-06-07,2024-07-31,4.73,4.83,4.71,4.82,4.7,4.8,4.72,2.91
5,8035768,56,4,0,2015-09-02,2024-01-28,4.75,4.81,4.78,4.92,4.8,4.74,4.75,0.51
6,8035784,18,0,0,2015-10-17,2020-07-25,4.61,4.83,4.61,4.78,4.83,4.67,4.72,0.17
7,9005989,598,34,0,2016-08-07,2024-07-17,4.79,4.86,4.83,4.95,4.93,4.87,4.77,6.08
8,9501054,392,39,1,2016-02-02,2024-08-28,4.54,4.71,4.5,4.83,4.86,4.75,4.66,3.75
9,10768745,697,116,9,2016-02-05,2024-08-30,4.82,4.89,4.78,4.94,4.88,4.93,4.91,6.67
10,11253948,158,30,0,2016-05-29,2024-05-22,4.95,4.92,4.97,4.99,4.96,4.94,4.85,1.57
11,11639446,231,8,0,2016-05-31,2024-02-29,4.81,4.87,4.37,4.94,4.96,4.52,4.87,2.29
12,12284708,61,0,0,2016-05-23,2019-10-26,4.61,4.75,4.46,4.86,4.81,4.73,4.68,0.6
13,12799126,28,2,0,2020-08-23,2024-02-06,4.82,4.89,4.57,4.82,4.89,4.71,4.75,0.57
14,13083497,184,18,2,2016-07-01,2024-08-26,4.67,4.79,4.73,4.9,4.86,4.79,4.77,1.85
15,14316232,51,4,1,2016-08-07,2024-09-02,4.67,4.8,4.57,4.94,4.74,4.64,4.76,0.52
16,14989805,100,20,0,2016-11-13,2024-07-31,4.95,4.97,4.94,4.98,4.98,4.87,4.67,1.05
17,15580397,43,6,0,2017-05-29,2024-07-31,4.72,4.91,4.86,4.86,4.81,4.86,4.79,0.49
18,16531782,425,127,14,2020-05-28,2024-08-28,4.74,4.84,4.64,4.85,4.77,4.9,4.83,8.16
19,17238066,132,3,0,2017-04-23,2024-08-01,4.92,4.91,4.53,4.96,4.96,4.67,4.94,1.47
20,17514620,54,3,0,2017-03-15,2024-04-07,4.74,4.7,4.56,4.93,4.94,4.76,4.65,0.59
21,18341426,58,1,1,2018-03-12,2024-08-13,4.97,4.93,5.0,4.98,5.0,4.97,4.79,0.73
22,19527043,80,10,4,2018-10-17,2024-08-30,4.96,4.96,4.94,4.98,4.95,4.95,4.94,1.12
23,19571496,27,2,0,2018-06-09,2024-02-17,4.59,4.63,4.56,4.96,4.89,4.67,4.67,0.36
24,20519885,101,16,0,2017-11-08,2024-07-06,4.92,4.95,4.91,4.98,4.99,4.88,4.88,1.21
25,20620135,57,2,0,2017-10-17,2024-07-22,4.93,4.91,4.79,4.91,4.91,4.82,4.74,0.68
26,20633175,131,1,0,2018-03-26,2024-05-12,4.91,4.93,4.93,4.98,4.96,4.89,4.87,1.67
27,20671966,41,2,0,2017-09-11,2024-05-21,4.9,4.9,4.93,4.93,4.98,4.93,4.85,0.48
28,21052414,42,5,0,2018-06-30,2024-07-26,4.76,4.83,4.69,4.98,4.95,4.64,4.64,0.56
29,21392315,119,18,1,2017-11-20,2024-08-23,4.87,4.91,4.85,4.91,4.93,4.89,4.83,1.44
30,21449583,8,0,0,2017-12-25,2018-07-27,5.0,5.0,5.0,5.0,4.88,5.0,4.88,0.1
31,21752534,172,19,2,2017-11-27,2024-08-15,4.74,4.85,4.77,4.91,4.98,4.56,4.75,2.08
32,21769213,26,6,1,2017-12-28,2024-08-10,4.88,4.88,4.77,4.96,5.0,4.85,4.69,0.32
33,21769439,23,2,1,2017-12-16,2024-08-31,4.83,4.74,4.65,4.96,5.0,4.74,4.78,0.28
34,22398196,111,13,2,2018-01-13,2024-08-21,4.92,4.9,4.93,4.97,4.95,4.93,4.85,1.37
35,22431640,456,33,4,2018-04-29,2024-08-28,4.81,4.89,4.78,4.98,4.97,4.78,4.82,5.89
36,24120690,121,11,0,2018-04-22,2024-02-02,4.93,4.95,4.97,4.97,4.98,4.97,4.97,1.56
37,24606880,45,7,1,2018-10-13,2024-08-08,4.93,4.96,4.93,4.96,4.96,4.96,4.87,0.63
38,24655782,397,67,8,2018-05-04,2024-08-31,4.89,4.93,4.83,4.97,4.96,4.82,4.88,5.14
39,25549565,853,144,2,2018-06-09,2024-08-17,4.9,4.94,4.9,4.97,4.95,4.92,4.91,11.22
40,25976514,13,1,0,2018-06-29,2024-08-01,4.92,5.0,5.0,5.0,5.0,5.0,4.77,0.17
41,26139592,118,19,3,2018-08-05,2024-09-02,4.84,4.92,4.82,4.97,4.98,4.96,4.8,1.59
42,27670660,24,4,0,2019-02-25,2024-07-01,5.0,5.0,4.92,5.0,5.0,4.96,4.92,0.36
43,27692601,14,0,0,2018-10-18,2022-10-08,4.93,5.0,4.71,5.0,4.86,5.0,5.0,0.2
44,28341274,73,19,3,2018-09-25,2024-09-03,4.96,4.95,4.99,4.99,5.0,4.96,4.97,1.01
45,28400263,260,28,0,2018-11-18,2024-07-31,4.95,4.97,4.97,4.96,4.97,4.96,4.96,3.68
46,28519423,66,10,1,2018-10-19,2024-08-23,4.68,4.86,4.77,4.85,4.77,4.8,4.65,0.92
47,28722270,648,47,4,2018-11-25,2024-08-25,4.8,4.88,4.83,4.86,4.91,4.74,4.82,9.2
48,28868857,574,74,5,2018-12-14,2024-08-27,4.71,4.75,4.7,4.81,4.89,4.61,4.69,8.23
49,28929840,7,1,0,2018-10-18,2024-06-09,5.0,5.0,5.0,5.0,5.0,5.0,4.86,0.1
50,29605579,91,3,0,2018-11-07,2024-07-28,4.64,4.85,4.77,4.8,4.49,4.82,4.65,1.28
51,30189794,68,7,0,2019-02-02,2024-05-19,4.94,4.93,4.94,4.94,4.97,4.96,4.93,1.0
52,31210362,27,0,0,2019-01-10,2023-05-14,4.7,4.7,4.63,4.85,4.89,4.93,4.74,0.39
53,32279028,205,23,1,2019-02-22,2024-08-31,4.96,4.98,4.98,4.98,4.99,4.97,4.97,3.04
54,32450400,0,0,0,1900-01-01,1900-01-01,0.0,0.0,0.0,0.0,0.0,0.0,0.0,0.0
55,32993402,420,26,7,2019-03-21,2024-08-25,4.68,4.76,4.67,4.75,4.81,4.65,4.68,6.31
56,33558235,420,34,3,2019-04-20,2024-08-28,4.75,4.8,4.75,4.84,4.86,4.64,4.75,6.41
57,34330970,283,65,2,2019-06-08,2024-08-11,4.76,4.78,4.87,4.84,4.83,4.31,4.72,4.43
58,35793179,174,38,3,2019-07-11,2024-08-20,4.98,4.97,4.95,4.98,4.93,4.94,4.95,2.77
59,35914565,290,48,2,2019-07-06,2024-08-17,4.8,4.82,4.83,4.84,4.82,4.33,4.76,4.61
60,36443605,54,5,1,2019-07-21,2024-08-14,4.8,4.83,4.87,4.93,4.93,4.87,4.74,0.86
61,38321579,345,101,5,2019-09-10,2024-09-04,4.98,5.0,4.99,4.99,4.99,4.99,4.99,5.68
62,39093517,40,4,0,2019-12-08,2024-08-01,4.75,4.8,4.75,4.63,4.98,4.65,4.55,0.69
63,39698576,23,1,0,2019-10-29,2023-09-22,4.61,4.61,4.74,4.83,4.87,4.78,4.48,0.39
64,39836487,287,63,8,2019-11-08,2024-09-02,4.67,4.79,4.67,4.82,4.84,4.54,4.71,4.88
65,39864828,228,11,0,2020-01-12,2024-05-04,4.94,4.95,4.88,4.96,4.92,4.73,4.83,4.03
66,40491172,111,19,0,2019-12-08,2024-07-01,4.9,4.95,4.94,4.97,4.96,4.95,4.84,1.92
67,40828178,167,1,0,2020-01-15,2024-08-04,4.99,4.99,4.99,4.99,4.99,4.97,4.96,2.95
68,40897436,31,6,2,2019-12-30,2024-09-03,4.74,4.77,4.61,4.97,4.84,4.71,4.65,0.54
69,41319631,4,0,0,2021-04-03,2023-01-06,5.0,5.0,5.0,5.0,5.0,5.0,5.0,0.1
70,42009788,23,3,0,2020-02-15,2024-07-31,4.74,4.7,4.78,4.78,4.78,4.83,4.65,0.41
71,42092736,177,62,5,2020-02-20,2024-08-29,4.92,4.97,4.86,4.98,4.99,4.93,4.95,3.2
72,42389085,2,1,0,2020-03-07,2024-01-13,3.0,3.0,3.0,3.0,3.0,3.0,3.0,0.04
73,42391372,27,0,0,2020-06-28,2022-10-27,3.96,4.0,4.0,4.3,4.41,4.26,3.89,0.53
74,42567833,0,0,0,1900-01-01,1900-01-01,0.0,0.0,0.0,0.0,0.0,0.0,0.0,0.0
75,42763847,97,12,0,2020-04-23,2024-06-22,4.79,4.86,4.62,4.91,4.95,4.65,4.77,1.82
76,43208391,95,22,2,2020-09-25,2024-08-27,4.82,4.86,4.78,4.91,4.93,4.59,4.82,1.98
77,43459803,16,4,0,2021-02-16,2024-04-02,5.0,5.0,5.0,4.75,4.94,4.69,4.81,0.37
78,43736299,123,19,4,2020-07-05,2024-08-18,4.86,4.9,4.94,4.96,4.97,4.62,4.73,2.42
79,43955950,84,21,2,2020-07-05,2024-08-19,4.9,4.89,4.9,4.94,4.93,4.8,4.76,1.65
80,44180048,350,45,3,2020-07-17,2024-08-18,4.97,4.97,4.99,4.98,4.99,4.95,4.96,6.94
81,44265426,291,25,0,2020-08-01,2024-04-28,4.99,4.98,4.99,4.98,5.0,4.98,4.97,5.83
82,44450012,25,5,0,2020-08-23,2024-08-03,4.84,4.92,4.68,4.96,4.96,4.96,4.76,0.51
83,45024912,128,15,2,2020-08-26,2024-08-22,4.95,4.97,4.94,4.97,4.97,4.95,4.9,2.61
84,45074220,32,4,1,2021-09-16,2024-08-11,4.66,4.84,4.91,4.94,4.72,4.34,4.59,0.88
85,45313545,129,38,1,2020-10-18,2024-08-16,4.72,4.79,4.57,4.91,4.88,4.74,4.72,2.73
86,45334218,0,0,0,1900-01-01,1900-01-01,0.0,0.0,0.0,0.0,0.0,0.0,0.0,0.0
87,45528939,96,16,0,2021-01-27,2024-07-07,4.61,4.72,4.72,4.83,4.82,4.49,4.56,2.19
88,45529316,107,20,1,2021-01-26,2024-08-18,4.78,4.82,4.88,4.84,4.92,4.48,4.72,2.43
89,45529447,134,21,3,2021-02-02,2024-08-17,4.66,4.74,4.75,4.91,4.86,4.46,4.57,3.06
90,45804322,162,35,2,2020-10-18,2024-08-14,4.96,4.98,4.96,4.94,4.96,4.92,4.93,3.42
91,46894493,227,56,4,2021-02-07,2024-09-02,4.99,4.99,4.99,4.99,4.99,4.92,4.96,5.21
92,47334913,78,24,3,2021-01-31,2024-09-03,4.91,4.88,4.88,4.99,5.0,4.69,4.83,1.78
93,47345872,51,11,1,2021-02-07,2024-08-20,4.51,4.63,4.61,4.49,4.49,4.45,4.53,1.17
94,47408047,57,22,1,2021-02-20,2024-08-30,4.91,4.93,4.91,4.98,4.98,4.86,4.95,1.32
95,47440071,143,39,5,2021-01-18,2024-08-27,4.97,4.99,4.99,4.98,4.99,4.98,4.99,3.23
96,47828453,18,3,0,2021-02-07,2024-04-02,4.33,4.61,4.61,4.72,4.67,4.22,4.22,0.41
97,47902629,7,1,0,2021-04-13,2024-01-01,5.0,5.0,4.86,5.0,5.0,5.0,5.0,0.17
98,47943571,148,38,4,2021-02-14,2024-08-21,4.88,4.95,4.98,4.95,4.89,4.91,4.88,3.42
99,48052353,148,20,0,2021-02-13,2024-06-16,4.77,4.87,4.94,4.95,4.93,4.45,4.61,3.41
100,48124042,194,53,0,2021-08-08,2024-07-01,4.9,4.95,4.94,4.96,4.92,4.89,4.88,5.17
101,48172884,65,29,0,2021-03-05,2024-07-07,4.92,4.97,4.97,4.89,4.97,4.88,4.94,1.52
102,48470454,34,13,0,2022-07-21,2024-08-01,4.94,4.97,4.94,5.0,4.97,4.94,4.91,1.31
103,49886937,0,0,0,1900-01-01,1900-01-01,0.0,0.0,0.0,0.0,0.0,0.0,0.0,0.0
104,50088935,4,0,0,2021-09-30,2022-11-30,5.0,5.0,5.0,5.0,5.0,4.75,4.75,0.11
105,50171851,167,47,6,2021-08-15,2024-08-31,4.99,4.99,4.99,4.98,5.0,4.9,4.98,4.48
106,50207226,74,8,1,2021-06-09,2024-08-18,4.86,4.92,4.84,4.92,4.95,4.51,4.84,1.87
107,50211226,165,46,5,2021-12-31,2024-08-29,4.98,4.98,4.96,4.99,4.98,4.82,4.95,5.05
108,50354540,13,4,0,2021-06-15,2024-08-01,4.46,4.46,4.23,4.69,4.77,4.77,4.38,0.33
109,50639032,39,3,2,2021-09-26,2024-08-20,4.92,4.85,4.85,4.97,4.95,4.92,4.9,1.09
110,50890336,45,7,0,2021-07-31,2024-07-25,4.62,4.8,4.89,4.91,4.82,4.38,4.56,1.19
111,51230498,222,37,1,2021-07-25,2024-08-17,4.75,4.83,4.91,4.83,4.9,4.17,4.7,5.85
112,51461480,23,2,2,2021-10-24,2024-08-31,4.96,4.96,4.78,5.0,5.0,4.96,4.87,0.66
113,51503537,8,1,0,2021-09-08,2024-04-02,4.25,4.63,4.25,3.75,4.25,4.75,4.13,0.22
114,51560588,42,1,0,2021-08-16,2023-09-10,4.64,4.79,4.79,4.9,4.9,4.86,4.74,1.13
115,51579900,72,12,0,2021-08-14,2024-08-01,4.81,4.88,4.79,4.85,4.89,4.58,4.78,1.93
116,51592836,84,25,3,2021-10-10,2024-08-17,4.76,4.89,4.64,4.93,4.92,4.49,4.8,2.37
117,51710034,35,6,0,2021-08-29,2024-08-05,4.46,4.69,4.49,4.8,4.71,4.8,4.54,0.95
118,51960331,95,18,0,2021-09-19,2024-08-02,4.91,4.92,4.88,5.0,5.0,4.65,4.85,2.63
119,51964868,52,2,0,2021-09-12,2023-10-15,4.63,4.75,4.69,4.83,4.85,4.94,4.73,1.43
120,52152157,58,15,1,2021-09-27,2024-08-11,4.91,4.93,4.91,4.93,4.98,4.74,4.81,1.62
121,52225409,48,23,2,2021-11-07,2024-08-30,4.69,4.79,4.6,4.92,4.94,4.6,4.5,1.39
122,52241973,256,91,6,2021-10-17,2024-08-18,4.93,4.93,4.91,4.91,4.98,4.89,4.91,7.28
123,52301345,4,0,0,2022-02-24,2022-08-16,4.25,4.5,5.0,5.0,5.0,4.75,4.5,0.13
124,52359404,106,42,5,2021-10-10,2024-09-02,4.94,4.98,4.84,5.0,5.0,4.92,4.85,2.99
125,52360097,74,15,1,2021-09-26,2024-08-18,4.72,4.73,4.73,4.86,4.8,4.88,4.74,2.06
126,52611613,117,32,2,2021-10-16,2024-08-19,4.94,4.91,4.89,4.97,4.97,4.91,4.88,3.32
127,52619545,73,11,0,2021-10-09,2024-07-07,4.88,4.88,4.9,4.89,4.89,4.85,4.78,2.06
128,52691284,74,24,1,2021-10-17,2024-08-18,4.96,4.96,4.96,4.97,4.96,4.93,4.93,2.1
129,52836323,78,34,1,2021-12-26,2024-08-15,4.87,4.88,4.94,4.95,4.86,4.83,4.79,2.38
130,52837196,64,12,0,2021-10-24,2024-05-03,4.69,4.77,4.56,4.73,4.78,4.52,4.58,1.83
131,52863776,172,49,4,2021-10-28,2024-08-31,4.98,4.97,4.99,4.99,4.99,4.97,4.94,4.94
132,52923647,0,0,0,1900-01-01,1900-01-01,0.0,0.0,0.0,0.0,0.0,0.0,0.0,0.0
133,53115382,27,0,0,2021-11-18,2023-05-24,4.59,4.67,4.63,4.78,4.96,4.85,4.48,0.79
134,53312101,52,19,0,2021-11-17,2024-07-27,4.79,4.85,4.87,4.87,4.85,4.38,4.75,1.52
135,53483727,136,47,4,2022-01-03,2024-08-25,4.95,4.97,4.95,4.96,4.99,4.82,4.88,4.18
136,53567589,223,77,3,2021-12-13,2024-08-25,4.89,4.91,4.84,4.95,4.96,4.78,4.85,6.7
137,53645427,98,32,1,2021-12-12,2024-08-08,4.68,4.77,4.65,4.72,4.8,4.4,4.67,2.94
138,53860077,23,10,2,2022-03-19,2024-08-24,5.0,4.96,5.0,5.0,5.0,4.96,4.96,0.76
139,53939991,1,0,0,2022-03-06,2022-03-06,4.0,5.0,3.0,4.0,5.0,5.0,4.0,0.03
140,53971505,3,0,0,2022-02-28,2022-12-31,5.0,5.0,5.0,5.0,5.0,5.0,5.0,0.1
141,54097694,0,0,0,1900-01-01,1900-01-01,0.0,0.0,0.0,0.0,0.0,0.0,0.0,0.0
142,54126420,84,28,5,2022-06-12,2024-09-03,4.73,4.77,4.76,4.83,4.95,4.83,4.71,3.08
143,54126421,61,26,1,2022-03-27,2024-09-01,4.92,4.93,4.97,4.95,5.0,4.87,4.89,2.05
144,54126427,102,3,0,2022-01-08,2024-04-08,4.9,4.96,4.89,4.94,4.97,4.79,4.85,3.15
145,54128829,214,58,5,2022-02-20,2024-08-21,5.0,4.97,4.99,4.97,5.0,4.88,4.97,6.91
146,54150131,164,78,8,2022-03-20,2024-08-31,4.97,4.98,4.95,4.99,5.0,4.95,4.98,5.46
147,54232383,5,0,0,2022-09-04,2022-11-06,4.8,5.0,4.8,5.0,5.0,4.6,5.0,0.2
148,54369238,37,16,3,2022-09-26,2024-08-24,4.89,4.89,4.86,4.95,5.0,4.76,4.84,1.56
149,54369240,46,19,0,2022-05-25,2024-08-01,4.78,4.83,4.89,4.87,4.98,4.43,4.74,1.65
150,552126406812197546,4,0,0,2022-02-20,2023-01-20,4.75,4.75,4.5,5.0,5.0,4.75,4.25,0.13
151,553840513283735966,4,0,0,2022-02-25,2023-07-02,4.5,4.75,5.0,4.75,5.0,5.0,4.5,0.13
152,554082470790988493,6,0,0,2022-02-16,2022-10-02,4.67,4.5,4.83,4.67,4.83,4.83,4.83,0.19
153,559249822516788574,2,0,0,2022-10-22,2023-06-26,3.0,3.0,3.0,4.0,4.0,4.5,3.0,0.09
154,563711706943869398,8,2,0,2022-02-21,2024-08-05,4.88,5.0,5.0,5.0,5.0,4.75,4.5,0.26
155,565171585673492875,87,31,1,2022-02-20,2024-08-10,4.69,4.8,4.91,4.75,4.86,4.07,4.59,2.81
156,581057744765912905,41,6,1,2022-03-19,2024-08-18,4.66,4.76,4.54,4.88,4.76,4.0,4.63,1.36
157,588298411730694861,11,3,0,2022-06-24,2024-05-08,5.0,5.0,4.91,5.0,5.0,4.64,5.0,0.41
158,593272120497643087,102,40,2,2022-07-05,2024-08-13,4.97,4.93,5.0,4.85,4.97,4.94,4.95,3.85
159,597655328370142613,9,2,0,2022-05-11,2024-06-12,5.0,4.78,4.78,4.89,5.0,4.33,4.67,0.32
160,610090811367811938,53,29,3,2022-11-13,2024-09-02,4.81,4.91,4.77,4.94,4.96,4.85,4.83,2.4
161,617242073954595468,138,53,3,2022-05-08,2024-08-24,4.93,4.97,4.88,4.97,4.96,4.81,4.91,4.86
162,618673322156725003,7,3,0,2022-11-05,2024-07-27,5.0,5.0,4.71,4.86,5.0,5.0,4.86,0.31
163,619695112394148331,10,5,0,2022-07-22,2024-08-01,5.0,5.0,5.0,5.0,4.8,4.0,5.0,0.39
164,620480926228934988,16,6,0,2022-08-23,2024-07-22,4.44,4.44,4.38,4.69,4.63,4.31,4.31,0.64
165,621960198566758900,11,6,0,2022-07-17,2024-07-28,5.0,5.0,5.0,5.0,5.0,4.91,5.0,0.42
166,623102454293479631,149,36,6,2022-05-14,2024-09-02,4.52,4.61,4.59,4.86,4.8,4.11,4.46,5.28
167,625346918039601608,232,102,2,2022-06-08,2024-08-24,4.94,4.94,4.93,4.97,4.94,4.88,4.91,8.48
168,628163387057233327,47,13,0,2022-06-07,2024-08-04,4.74,4.89,4.74,4.96,4.89,4.51,4.64,1.72
169,628824127129967353,0,0,0,1900-01-01,1900-01-01,0.0,0.0,0.0,0.0,0.0,0.0,0.0,0.0
170,631035244220396236,49,12,0,2022-05-30,2024-07-21,4.59,4.8,4.69,4.8,4.86,4.37,4.59,1.77
171,631778545710518995,17,10,0,2023-02-19,2024-06-10,4.53,4.59,4.29,4.71,4.71,4.12,4.53,0.9
172,634108143238179968,101,27,0,2022-06-05,2024-07-28,4.97,4.97,5.0,4.97,5.0,4.83,4.93,3.68
173,636902252641496970,21,0,0,2022-07-22,2023-08-16,4.86,4.67,4.81,4.95,4.9,4.33,4.62,0.81
174,646570081594519710,0,0,0,1900-01-01,1900-01-01,0.0,0.0,0.0,0.0,0.0,0.0,0.0,0.0
175,649973892551492641,7,2,0,2022-08-21,2024-07-31,4.71,4.86,4.86,5.0,5.0,4.43,4.57,0.28
176,653433851241162365,5,4,0,2023-03-20,2024-08-01,5.0,5.0,4.8,5.0,5.0,4.6,4.2,0.28
177,654302747324294105,48,15,0,2022-07-18,2024-08-02,4.56,4.75,4.6,4.79,4.92,4.56,4.46,1.84
178,657130517248738038,17,7,0,2022-07-30,2024-08-01,4.94,4.94,4.88,5.0,5.0,4.59,4.76,0.66
179,658160753231817095,1,1,0,2024-06-28,2024-06-28,5.0,5.0,5.0,5.0,5.0,4.0,5.0,0.43
180,658638185191740358,5,2,0,2022-07-16,2023-09-22,5.0,5.0,5.0,5.0,5.0,5.0,5.0,0.19
181,662132809952482192,2,1,1,2022-07-15,2024-08-12,5.0,5.0,5.0,5.0,5.0,5.0,5.0,0.08
182,667644674529935702,88,34,4,2022-07-30,2024-08-25,4.92,4.92,4.83,4.95,5.0,4.9,4.86,3.43
183,668608096674070882,117,47,5,2022-07-15,2024-08-20,4.97,4.98,5.0,4.94,4.98,4.97,4.96,4.48
184,668608486588067880,96,38,3,2022-07-19,2024-09-01,4.92,4.91,4.95,4.93,4.96,4.96,4.92,3.69
185,677623197606854496,28,1,0,2022-08-19,2023-09-29,4.86,4.86,4.93,4.89,4.89,4.71,4.93,1.12
186,681241051140825073,7,3,0,2023-04-01,2024-03-31,5.0,5.0,4.86,5.0,5.0,5.0,4.86,0.4
187,681264183196450583,13,4,0,2022-08-01,2024-04-30,5.0,4.92,4.77,5.0,4.92,4.31,4.46,0.51
188,681952268271889535,3,1,0,2023-02-26,2024-03-31,3.33,3.67,3.33,4.33,4.0,4.33,3.67,0.16
189,682687626408133288,113,49,3,2022-08-05,2024-08-18,4.79,4.81,4.78,4.86,4.81,4.48,4.76,4.44
190,684100173908872919,99,39,4,2022-08-04,2024-08-18,4.42,4.53,4.53,4.82,4.8,4.14,4.38,3.89
191,687496906843024117,4,0,0,2022-10-03,2023-05-28,3.25,4.0,3.75,4.75,4.0,3.5,3.5,0.17
192,688355255688353452,17,5,0,2022-08-13,2024-06-30,4.12,4.24,3.94,4.53,4.76,3.88,4.0,0.68
193,689719338468663432,202,103,7,2022-08-19,2024-09-03,4.9,4.91,4.92,4.96,4.97,4.88,4.84,8.09
194,692807914756117019,97,54,4,2022-12-29,2024-09-02,4.85,4.89,4.93,4.87,4.94,4.46,4.77,4.72
195,699073700185633508,5,0,0,2022-10-07,2023-05-14,5.0,5.0,4.8,5.0,5.0,4.6,5.0,0.21
196,703551649845095095,3,3,2,2024-07-26,2024-08-25,5.0,5.0,5.0,5.0,5.0,5.0,5.0,2.14
197,705660262559003663,5,2,1,2022-12-28,2024-08-17,5.0,5.0,5.0,5.0,5.0,3.6,5.0,0.24
198,712542707120872702,8,2,0,2022-10-06,2024-06-01,5.0,5.0,5.0,5.0,5.0,5.0,5.0,0.34
199,714335368144257108,3,2,1,2022-09-22,2024-08-10,3.67,4.0,3.0,5.0,5.0,4.33,3.67,0.13
200,717373135846408345,45,18,3,2022-10-28,2024-08-18,4.89,4.93,4.98,4.91,4.93,4.84,4.87,1.99
201,723956857052424266,180,102,11,2022-11-17,2024-08-29,4.93,4.93,4.93,4.98,4.97,4.62,4.86,8.19
202,724566770267420045,43,42,4,2023-09-03,2024-09-01,5.0,5.0,4.95,5.0,5.0,4.6,4.98,3.5
203,733964865705013296,1,0,0,2023-03-26,2023-03-26,5.0,5.0,5.0,5.0,5.0,5.0,5.0,0.06
204,735879623743921266,58,34,4,2022-10-31,2024-08-30,4.72,4.88,4.71,4.74,4.88,4.52,4.79,2.57
205,736893992132754814,2,0,0,2022-11-16,2022-11-28,4.5,4.5,4.0,4.5,3.5,5.0,4.5,0.09
206,737574278276037589,43,15,1,2022-11-13,2024-08-17,4.67,4.6,4.81,4.72,4.91,4.37,4.63,1.95
207,739722503092755616,24,13,0,2022-10-28,2024-05-17,4.96,5.0,5.0,5.0,5.0,4.92,5.0,1.06
208,743600140734706394,7,3,0,2022-12-28,2024-08-03,4.71,4.86,4.57,4.57,4.71,4.57,4.57,0.34
209,744430701454304507,20,16,1,2023-04-14,2024-08-11,4.95,5.0,4.95,5.0,5.0,4.85,4.95,1.17
210,750748704706045644,17,6,1,2022-11-25,2024-08-06,4.65,4.82,4.88,4.59,4.82,4.65,4.82,0.78
211,751421033442627559,25,17,0,2023-02-19,2024-07-31,4.96,4.96,4.96,5.0,5.0,4.4,4.92,1.33
212,752118894541630543,66,45,6,2023-02-26,2024-09-01,4.8,4.86,4.82,4.91,4.98,4.53,4.74,3.55
213,752337379205662422,64,50,5,2023-04-16,2024-09-02,4.75,4.73,4.83,4.89,4.89,4.56,4.73,3.77
214,756752556396798800,15,6,0,2023-01-01,2024-03-23,4.93,4.93,4.8,4.93,5.0,4.87,4.93,0.73
215,757342235277207834,12,5,0,2022-11-25,2024-04-26,5.0,4.83,4.92,5.0,4.92,5.0,4.75,0.55
216,757978037279611051,37,22,0,2023-02-25,2024-07-31,4.97,4.97,4.89,5.0,4.95,4.92,4.89,1.99
217,761141715827746314,43,28,1,2022-12-17,2024-08-11,4.91,4.91,4.84,4.98,5.0,4.84,4.88,2.05
218,764508866835218670,23,16,4,2022-12-01,2024-08-31,5.0,4.96,4.91,4.96,5.0,4.91,5.0,1.07
219,774701102203414342,47,22,1,2023-01-01,2024-08-24,4.89,4.94,4.91,4.98,4.98,5.0,4.85,2.3
220,775645647912379518,43,22,2,2022-12-29,2024-09-01,4.88,4.91,4.93,4.88,5.0,4.86,4.86,2.09
221,786181179052991690,3,2,0,2023-08-11,2024-01-27,5.0,5.0,5.0,5.0,5.0,4.33,5.0,0.23
222,786196811078165173,13,7,0,2023-02-22,2024-02-25,4.69,4.46,4.77,4.92,5.0,4.92,4.46,0.69
223,786228331433922432,3,3,0,2023-10-02,2024-02-18,4.67,4.67,4.67,4.67,5.0,5.0,4.67,0.26
224,786316043239579100,35,11,0,2023-02-03,2024-07-31,4.77,4.89,4.89,4.86,4.86,4.29,4.66,1.81
225,787023821243442039,78,57,4,2023-02-27,2024-09-02,4.94,4.94,4.96,4.94,4.92,4.79,4.86,4.2
226,788301415655396660,58,26,2,2023-01-01,2024-08-18,4.81,4.81,4.9,4.88,4.84,4.19,4.74,2.83
227,793223286704705121,17,9,1,2023-02-11,2024-08-25,4.82,4.94,4.65,4.88,5.0,4.41,4.65,0.89
228,794723189688979530,8,5,0,2023-05-28,2024-07-31,4.25,4.88,4.88,4.88,4.88,3.75,4.5,0.51
229,795541666227926706,5,4,1,2023-08-13,2024-08-18,4.6,4.8,4.4,4.4,4.6,4.6,5.0,0.38
230,796231143904004713,10,8,0,2023-07-23,2024-06-30,4.8,4.8,4.7,5.0,4.8,5.0,4.9,0.73
231,797455132224782470,11,4,0,2023-01-29,2024-04-03,4.91,5.0,5.0,4.82,4.91,4.91,4.91,0.56
232,798715218269100922,9,6,0,2023-02-06,2024-08-04,4.89,5.0,4.89,5.0,5.0,4.78,4.44,0.47
233,802216634798169031,5,2,0,2023-08-06,2024-02-10,4.2,4.8,4.4,4.6,4.0,4.6,4.2,0.38
234,803604897479679272,2,1,0,2023-06-20,2024-06-19,5.0,5.0,5.0,5.0,5.0,5.0,5.0,0.14
235,803682039097862541,7,7,0,2024-03-24,2024-06-09,5.0,5.0,5.0,5.0,5.0,5.0,5.0,1.27
236,803814397190632412,5,2,0,2023-07-22,2024-07-07,4.6,4.8,4.8,4.6,4.6,4.4,4.8,0.36
237,803867986023966300,8,4,0,2023-07-17,2024-06-09,4.63,4.5,4.63,4.75,4.5,4.25,4.38,0.58
238,806767523952124375,32,15,2,2023-01-29,2024-08-21,4.53,4.53,4.66,4.69,4.84,4.0,4.41,1.64
239,809524698302742033,0,0,0,1900-01-01,1900-01-01,0.0,0.0,0.0,0.0,0.0,0.0,0.0,0.0
240,813640070361665090,11,7,1,2023-08-03,2024-08-19,4.82,4.82,4.82,4.82,4.91,4.82,4.91,0.83
241,816085193659797849,30,14,0,2023-02-08,2024-04-09,4.63,4.77,4.67,4.63,4.9,4.73,4.73,1.56
242,821566342267452838,3,1,0,2023-03-07,2023-11-30,5.0,5.0,5.0,5.0,5.0,5.0,5.0,0.16
243,823275570359807298,0,0,0,1900-01-01,1900-01-01,0.0,0.0,0.0,0.0,0.0,0.0,0.0,0.0
244,826301775871257033,17,2,0,2023-02-20,2024-01-28,4.76,4.71,4.65,5.0,4.82,4.76,4.76,0.9
245,831122937768017113,73,45,3,2023-03-12,2024-09-02,4.95,4.93,4.9,5.0,4.96,4.88,4.85,4.03
246,841524382518312215,6,5,0,2023-09-04,2024-07-09,4.33,4.5,4.5,4.5,4.83,3.83,4.17,0.49
247,841524433909352403,12,4,0,2023-06-28,2023-12-03,4.5,4.83,4.67,4.5,4.92,3.58,4.25,0.83
248,843481456379840308,2,0,0,2023-03-21,2023-09-04,3.5,3.0,3.5,3.0,4.5,5.0,3.5,0.11
249,845960193409947556,81,49,5,2023-03-25,2024-08-28,4.95,4.96,4.96,4.96,4.98,4.79,4.88,4.58
250,846586211673806912,18,10,1,2023-04-14,2024-08-24,4.67,4.78,4.72,4.67,4.83,4.39,4.67,1.06
251,849460179246794510,1,1,0,2024-02-18,2024-02-18,5.0,5.0,5.0,5.0,5.0,5.0,5.0,0.15
252,850173470105833039,121,83,9,2023-04-07,2024-09-01,4.99,4.98,4.98,5.0,5.0,4.73,4.96,7.01
253,850653820133738660,8,5,0,2023-07-31,2024-08-01,5.0,5.0,5.0,5.0,5.0,4.88,4.75,0.6
254,857981934159027424,16,11,0,2023-05-24,2024-07-09,4.75,4.75,4.75,4.88,4.88,4.69,4.81,1.02
255,870457209918967324,4,4,0,2023-10-01,2024-03-02,5.0,5.0,5.0,5.0,5.0,5.0,5.0,0.35
256,879054943124868639,0,0,0,1900-01-01,1900-01-01,0.0,0.0,0.0,0.0,0.0,0.0,0.0,0.0
257,880290989870286099,24,9,1,2023-05-14,2024-08-11,4.83,4.96,4.96,4.83,5.0,4.38,4.63,1.5
258,881231954286264195,11,3,3,2023-05-02,2024-09-01,4.91,4.91,5.0,4.91,5.0,4.91,4.82,0.67
259,882229561343619620,52,41,1,2023-05-18,2024-08-07,4.81,4.88,4.88,4.79,4.9,4.71,4.67,3.27
260,887167811237271928,21,9,0,2023-06-06,2024-07-21,4.76,4.71,4.71,4.9,5.0,3.95,4.71,1.38
261,887179061681202083,21,11,0,2023-05-19,2024-06-30,4.76,4.86,4.62,5.0,4.95,4.33,4.76,1.32
262,888859204851381094,12,9,2,2023-05-21,2024-08-11,4.58,4.58,4.83,4.75,4.75,4.5,4.5,0.76
263,898743867240851780,43,28,1,2023-06-19,2024-08-19,4.86,4.86,4.84,4.93,4.98,4.77,4.91,2.9
264,899222617912073384,1,0,0,2023-07-26,2023-07-26,5.0,5.0,5.0,5.0,5.0,5.0,5.0,0.07
265,902166216060824525,42,31,1,2023-06-19,2024-08-11,4.76,4.71,4.69,4.71,4.83,4.57,4.62,2.83
266,902326803627859755,0,0,0,1900-01-01,1900-01-01,0.0,0.0,0.0,0.0,0.0,0.0,0.0,0.0
267,904392960639597224,15,11,1,2023-06-11,2024-08-19,5.0,5.0,5.0,5.0,5.0,4.93,4.93,0.99
268,905007131419044966,41,38,0,2023-07-14,2024-08-01,4.85,4.93,4.93,4.95,4.93,4.61,4.9,2.93
269,908035738595779392,10,6,4,2023-06-30,2024-08-25,5.0,5.0,5.0,4.9,5.0,4.9,5.0,0.69
270,910155617642317638,1,0,0,2023-07-26,2023-07-26,5.0,5.0,5.0,5.0,5.0,5.0,5.0,0.07
271,917510613914219375,9,5,0,2023-07-08,2024-08-01,4.89,4.89,4.89,4.89,4.89,4.89,4.89,0.63
272,917639722733180899,103,68,5,2023-06-23,2024-08-15,4.82,4.85,4.92,4.78,4.85,4.61,4.78,7.01
273,919055506310955442,0,0,0,1900-01-01,1900-01-01,0.0,0.0,0.0,0.0,0.0,0.0,0.0,0.0
274,921076441920995839,2,1,0,2023-08-09,2023-09-07,4.5,3.5,5.0,4.5,5.0,3.0,4.5,0.15
275,922634062451094710,3,2,0,2023-08-14,2024-05-24,5.0,5.0,5.0,5.0,5.0,5.0,5.0,0.23
276,928948908785846870,41,39,4,2023-07-29,2024-08-24,4.8,4.9,4.8,4.95,4.95,4.85,4.83,3.04
277,932618854176539492,26,21,1,2023-07-16,2024-08-11,4.88,5.0,4.96,4.88,4.92,4.73,4.81,1.87
278,932642358896439621,30,25,2,2023-07-23,2024-08-19,4.7,4.8,4.87,4.8,4.8,4.63,4.7,2.19
279,934035097653060273,5,2,0,2023-07-26,2024-03-25,4.4,4.4,4.8,4.2,3.4,4.8,4.2,0.37
280,937837897631191844,2,1,0,2023-09-03,2023-12-31,5.0,5.0,5.0,5.0,5.0,5.0,5.0,0.16
281,937838302933205871,6,6,0,2023-10-08,2024-07-07,5.0,4.83,5.0,5.0,4.83,5.0,4.83,0.54
282,937917144482762419,4,2,0,2023-08-13,2023-10-24,4.75,5.0,5.0,5.0,4.75,5.0,4.75,0.31
283,937927979762952955,0,0,0,1900-01-01,1900-01-01,0.0,0.0,0.0,0.0,0.0,0.0,0.0,0.0
284,937935210290408974,3,3,0,2023-10-22,2024-07-07,4.33,4.33,5.0,5.0,4.67,4.33,4.0,0.28
285,937943638262956751,1,1,0,2023-12-27,2023-12-27,5.0,5.0,5.0,5.0,5.0,4.0,4.0,0.12
286,937959604296602771,0,0,0,1900-01-01,1900-01-01,0.0,0.0,0.0,0.0,0.0,0.0,0.0,0.0
287,937966967490420635,0,0,0,1900-01-01,1900-01-01,0.0,0.0,0.0,0.0,0.0,0.0,0.0,0.0
288,938260134617291567,0,0,0,1900-01-01,1900-01-01,0.0,0.0,0.0,0.0,0.0,0.0,0.0,0.0
289,938266199766701429,0,0,0,1900-01-01,1900-01-01,0.0,0.0,0.0,0.0,0.0,0.0,0.0,0.0
290,938271786418327576,0,0,0,1900-01-01,1900-01-01,0.0,0.0,0.0,0.0,0.0,0.0,0.0,0.0
291,938280419686165005,11,9,1,2023-08-09,2024-08-18,4.91,4.73,4.73,4.91,4.82,4.82,4.73,0.84
292,938421117122010799,22,18,2,2023-07-26,2024-08-17,4.82,4.91,4.73,4.91,5.0,4.95,4.86,1.62
293,938431811499141903,23,22,2,2023-07-23,2024-09-02,5.0,4.96,4.83,4.91,4.96,4.96,4.91,1.68
294,938475906652462790,5,5,1,2024-04-20,2024-08-20,5.0,5.0,5.0,4.8,5.0,5.0,4.8,1.08
295,942750363293463100,12,12,1,2024-01-14,2024-08-25,5.0,5.0,5.0,5.0,5.0,5.0,5.0,1.53
296,950211425725610511,110,106,9,2023-08-19,2024-09-02,4.9,4.95,4.86,4.99,4.99,4.91,4.86,8.59
297,950613505102507073,0,0,0,1900-01-01,1900-01-01,0.0,0.0,0.0,0.0,0.0,0.0,0.0,0.0
298,956423465030072969,17,13,0,2023-08-19,2024-05-13,4.76,4.82,4.76,5.0,5.0,4.71,4.76,1.33
299,957914480227791276,79,76,7,2023-08-19,2024-09-02,4.99,4.96,4.97,4.97,4.96,4.87,4.94,6.17
300,958199983873241221,11,11,2,2023-11-24,2024-08-22,5.0,4.91,4.82,5.0,5.0,5.0,4.82,1.15
301,963920695464462572,54,51,5,2023-08-29,2024-09-02,4.83,4.89,4.81,4.93,4.91,4.59,4.78,4.33
302,966287799980701967,10,10,1,2023-09-25,2024-08-10,5.0,5.0,5.0,4.9,5.0,4.9,4.9,0.86
303,969886763377526954,47,47,13,2023-11-01,2024-09-01,4.85,4.89,4.96,4.85,4.89,4.98,4.89,4.55
304,977732791678350126,0,0,0,1900-01-01,1900-01-01,0.0,0.0,0.0,0.0,0.0,0.0,0.0,0.0
305,980034348801186320,16,16,1,2023-10-13,2024-08-11,4.94,5.0,4.88,4.75,4.88,4.94,5.0,1.46
306,983306819910081094,4,4,0,2023-10-22,2024-04-18,4.0,4.25,4.0,4.0,4.5,3.75,4.0,0.37
307,984424314263349846,0,0,0,1900-01-01,1900-01-01,0.0,0.0,0.0,0.0,0.0,0.0,0.0,0.0
308,989010058281318863,4,4,1,2023-10-03,2024-08-17,5.0,5.0,5.0,5.0,5.0,5.0,5.0,0.35
309,989897095065962672,1,1,0,2024-02-18,2024-02-18,5.0,5.0,5.0,5.0,5.0,5.0,5.0,0.15
310,992119832780871644,14,14,0,2023-10-07,2024-08-01,4.86,4.86,4.86,4.93,5.0,4.93,4.86,1.25
311,993431459821117738,12,12,0,2023-10-14,2024-02-29,5.0,5.0,4.92,4.92,5.0,4.83,5.0,1.1
312,999161887055542119,20,20,1,2023-10-18,2024-09-02,4.95,4.9,4.9,4.95,4.8,4.75,4.9,1.85
313,1004978540001566331,25,25,4,2024-02-17,2024-08-24,5.0,4.96,5.0,5.0,5.0,4.92,5.0,3.71
314,1005314747552182329,23,23,3,2023-10-22,2024-08-25,4.78,4.78,4.7,4.74,4.87,4.83,4.61,2.16
315,1005978346817864540,34,34,3,2023-10-29,2024-08-16,4.74,4.82,4.82,4.79,4.91,4.56,4.68,3.26
316,1007354086435981132,27,27,2,2023-11-05,2024-08-10,4.7,4.78,4.85,4.89,4.81,4.41,4.74,2.65
317,1010759793485911351,42,42,1,2023-11-03,2024-08-06,4.86,4.83,4.88,4.83,4.83,4.88,4.81,4.09
318,1010759799610182054,40,40,6,2023-11-05,2024-08-27,4.93,4.83,4.9,4.85,4.9,4.88,4.88,3.92
319,1013659440189111738,18,18,2,2023-11-06,2024-08-18,5.0,5.0,4.94,5.0,5.0,4.94,4.94,1.77
320,1014739415604882278,1,1,0,2024-06-29,2024-06-29,5.0,5.0,5.0,5.0,5.0,3.0,5.0,0.43
321,1014871544925070480,38,38,4,2023-11-12,2024-08-25,4.95,4.79,4.63,4.97,4.95,4.97,4.89,3.81
322,1015385216942267174,0,0,0,1900-01-01,1900-01-01,0.0,0.0,0.0,0.0,0.0,0.0,0.0,0.0
323,1016050146219474145,21,21,1,2023-11-05,2024-08-10,4.71,4.62,4.57,4.76,4.86,4.62,4.62,2.06
324,1018299533220989494,51,51,5,2023-11-12,2024-08-25,4.9,4.92,4.88,4.96,4.94,4.92,4.98,5.12
325,1018972187574908115,40,40,0,2023-11-19,2024-07-21,4.73,4.83,4.5,4.95,4.95,4.88,4.7,4.11
326,1020518500251473070,75,75,9,2023-12-07,2024-09-02,4.68,4.76,4.81,4.87,4.83,3.79,4.61,8.21
327,1020993107237604444,9,9,0,2023-11-26,2024-08-02,4.56,4.44,4.56,4.11,4.89,3.56,4.22,0.95
328,1021011347006185640,20,20,2,2023-12-03,2024-08-15,4.75,4.8,4.9,4.7,4.85,4.25,4.8,2.16
329,1023053182224590019,46,46,5,2023-12-03,2024-08-31,4.8,4.74,4.83,4.93,4.93,4.3,4.76,4.96
330,1028530521404077289,9,9,0,2023-11-24,2024-04-27,4.67,4.56,4.78,4.89,4.89,4.78,4.67,0.94
331,1034722814589239236,1,1,0,2024-07-31,2024-07-31,4.0,4.0,3.0,5.0,5.0,5.0,4.0,0.81
332,1040121861433023182,49,49,4,2023-12-18,2024-08-25,4.73,4.84,4.67,4.73,4.96,4.27,4.76,5.59
333,1040624808363695229,30,30,2,2024-01-01,2024-08-12,4.87,4.8,4.63,4.83,4.87,4.93,4.8,3.61
334,1041185569146627476,22,22,4,2023-12-15,2024-08-23,4.73,4.73,4.64,4.77,4.95,4.95,4.73,2.48
335,1043565517982254841,13,13,3,2024-02-11,2024-08-28,4.38,4.62,4.54,4.77,4.92,4.0,4.69,1.88
336,1043698525924990350,0,0,0,1900-01-01,1900-01-01,0.0,0.0,0.0,0.0,0.0,0.0,0.0,0.0
337,1046458066266475264,5,5,0,2024-06-02,2024-06-29,5.0,4.8,5.0,5.0,5.0,4.8,5.0,1.56
338,1051544181986274174,0,0,0,1900-01-01,1900-01-01,0.0,0.0,0.0,0.0,0.0,0.0,0.0,0.0
339,1052381112116173923,4,4,0,2024-01-02,2024-06-30,5.0,5.0,5.0,5.0,5.0,5.0,5.0,0.48
340,1056068682616336229,1,1,1,2024-08-22,2024-08-22,5.0,5.0,5.0,5.0,5.0,5.0,5.0,1.0
341,1056469473906808728,0,0,0,1900-01-01,1900-01-01,0.0,0.0,0.0,0.0,0.0,0.0,0.0,0.0
342,1057932481605319073,1,1,0,2024-02-05,2024-02-05,5.0,5.0,5.0,5.0,5.0,5.0,5.0,0.14
343,1061814091773376272,10,10,3,2024-02-23,2024-08-25,4.7,4.7,4.6,4.8,4.8,4.4,4.7,1.53
344,1062527013885315764,6,6,1,2024-02-01,2024-08-29,5.0,5.0,5.0,5.0,5.0,5.0,5.0,0.83
345,1072781767409521866,32,32,1,2024-02-04,2024-08-12,4.52,4.68,4.66,4.77,4.78,4.23,4.6,4.47
346,1073179963201889958,1,1,0,2024-08-04,2024-08-04,5.0,5.0,5.0,5.0,5.0,5.0,5.0,0.91
347,1075444056381274297,13,13,1,2024-02-04,2024-08-17,4.92,4.92,5.0,5.0,4.62,4.85,5.0,1.81
348,1079742757364810916,6,6,0,2024-02-18,2024-03-10,5.0,5.0,5.0,5.0,5.0,4.5,4.83,0.9
349,1090781013234004527,0,0,0,1900-01-01,1900-01-01,0.0,0.0,0.0,0.0,0.0,0.0,0.0,0.0
350,1090800410444414860,0,0,0,1900-01-01,1900-01-01,0.0,0.0,0.0,0.0,0.0,0.0,0.0,0.0
351,1091422934956081673,11,11,2,2024-03-26,2024-08-12,4.55,4.82,4.55,4.91,5.0,4.55,4.45,2.01
352,1091500387329731524,27,27,4,2024-02-29,2024-08-21,4.78,4.89,4.93,4.85,4.93,4.41,4.89,4.26
353,1097201673425863720,7,7,6,2024-08-05,2024-09-02,4.86,5.0,4.86,5.0,5.0,5.0,5.0,6.56
354,1097995825442731795,21,21,4,2024-03-10,2024-08-20,4.95,4.95,5.0,5.0,4.95,4.76,4.95,3.5
355,1100876731732967826,10,10,2,2024-04-14,2024-08-26,4.9,5.0,5.0,4.9,5.0,4.8,4.8,2.07
356,1102984130027939637,29,29,6,2024-03-10,2024-09-01,4.69,4.76,4.62,4.9,4.86,4.79,4.66,4.83
357,1104977057298366617,43,43,1,2024-03-07,2024-08-24,4.95,4.93,4.95,4.86,4.84,4.95,4.91,7.05
358,1105303461851883481,0,0,0,1900-01-01,1900-01-01,0.0,0.0,0.0,0.0,0.0,0.0,0.0,0.0
359,1108060100336766656,0,0,0,1900-01-01,1900-01-01,0.0,0.0,0.0,0.0,0.0,0.0,0.0,0.0
360,1111221935683053416,5,5,0,2024-03-23,2024-05-12,4.8,5.0,4.8,5.0,5.0,4.8,5.0,0.9
361,1114084795618939736,0,0,0,1900-01-01,1900-01-01,0.0,0.0,0.0,0.0,0.0,0.0,0.0,0.0
362,1119691401020641385,3,3,0,2024-04-07,2024-06-03,4.67,4.67,4.67,4.67,5.0,4.67,4.67,0.59
363,1119844407084108907,30,30,2,2024-05-04,2024-08-18,4.97,5.0,4.9,4.97,4.9,4.83,5.0,7.2
364,1120212616553191970,14,14,1,2024-03-31,2024-08-27,4.79,5.0,4.79,4.71,4.93,4.93,4.71,2.64
365,1121699903906738345,3,3,0,2024-04-08,2024-07-31,4.0,4.33,4.0,5.0,4.67,4.67,4.0,0.6
366,1123231471304541808,14,14,2,2024-04-18,2024-08-18,4.71,4.86,4.86,4.86,4.86,4.79,4.71,2.98
367,1124558577325015506,2,2,1,2024-06-02,2024-08-17,5.0,5.0,5.0,5.0,5.0,5.0,4.5,0.63
368,1124632058968031818,3,3,1,2024-04-16,2024-08-10,5.0,5.0,5.0,5.0,5.0,4.67,5.0,0.63
369,1128332989288304495,3,3,0,2024-06-09,2024-07-28,4.67,4.67,4.33,4.67,5.0,3.67,4.67,1.01
370,1128386510439836615,2,2,0,2024-06-28,2024-08-03,4.0,4.5,4.0,4.5,5.0,4.0,4.5,0.86
371,1129005873707096339,0,0,0,1900-01-01,1900-01-01,0.0,0.0,0.0,0.0,0.0,0.0,0.0,0.0
372,1131258472427093335,7,7,7,2024-08-10,2024-08-25,4.86,5.0,4.86,4.86,4.71,4.57,4.71,7.0
373,1134940445251354534,1,1,0,2024-05-03,2024-05-03,5.0,5.0,5.0,5.0,5.0,4.0,5.0,0.24
374,1135812630237897119,0,0,0,1900-01-01,1900-01-01,0.0,0.0,0.0,0.0,0.0,0.0,0.0,0.0
375,1136433500940918827,0,0,0,1900-01-01,1900-01-01,0.0,0.0,0.0,0.0,0.0,0.0,0.0,0.0
376,1138989607102299187,5,5,2,2024-04-27,2024-08-21,4.0,4.75,4.75,4.0,4.25,3.25,4.25,1.14
377,1141525488442370659,0,0,0,1900-01-01,1900-01-01,0.0,0.0,0.0,0.0,0.0,0.0,0.0,0.0
378,1142828940864329671,4,4,0,2024-05-05,2024-07-06,4.0,4.25,3.5,5.0,4.75,4.25,3.75,0.97
379,1142832011692120213,4,4,0,2024-05-27,2024-06-09,5.0,5.0,5.0,5.0,5.0,5.0,4.75,1.18
380,1146241260871564965,20,20,4,2024-05-07,2024-08-25,4.6,4.5,4.8,4.75,4.95,3.7,4.4,4.92
381,1146352622413555849,8,8,2,2024-05-09,2024-08-28,5.0,5.0,4.75,5.0,4.75,4.5,4.88,2.0
382,1147092019793504034,31,31,8,2024-05-03,2024-09-02,4.68,4.81,4.74,4.9,4.94,4.29,4.71,7.38
383,1150611568915810847,6,6,3,2024-05-14,2024-08-18,4.67,5.0,4.5,5.0,4.67,4.83,4.67,1.57
384,1158059552251999833,0,0,0,1900-01-01,1900-01-01,0.0,0.0,0.0,0.0,0.0,0.0,0.0,0.0
385,1158239701426064904,0,0,0,1900-01-01,1900-01-01,0.0,0.0,0.0,0.0,0.0,0.0,0.0,0.0
386,1160398377613465255,0,0,0,1900-01-01,1900-01-01,0.0,0.0,0.0,0.0,0.0,0.0,0.0,0.0
387,1164651175585600815,3,3,0,2024-06-30,2024-07-29,4.0,4.0,4.67,4.33,3.33,4.67,4.0,1.32
388,1169514128026903528,2,2,1,2024-07-19,2024-08-11,5.0,5.0,5.0,5.0,5.0,4.0,5.0,1.22
389,1170384250566304506,2,2,0,2024-07-01,2024-07-31,3.0,3.0,4.0,3.0,3.5,4.0,3.0,0.9
390,1171795874799450911,8,8,4,2024-06-09,2024-08-20,5.0,5.0,5.0,4.88,5.0,4.75,4.88,2.7
391,1171885189346375850,0,0,0,1900-01-01,1900-01-01,0.0,0.0,0.0,0.0,0.0,0.0,0.0,0.0
392,1173390858101803102,4,4,2,2024-07-20,2024-08-16,5.0,5.0,5.0,5.0,4.5,4.75,4.75,2.5
393,1174544643387116469,17,17,5,2024-06-16,2024-09-02,4.94,5.0,4.94,4.94,5.0,4.82,4.94,6.22
394,1175235317794137317,0,0,0,1900-01-01,1900-01-01,0.0,0.0,0.0,0.0,0.0,0.0,0.0,0.0
395,1182574461437954732,7,7,1,2024-06-24,2024-08-09,4.86,5.0,5.0,4.57,5.0,4.71,4.71,2.84
396,1183457852972127594,8,8,1,2024-07-12,2024-08-19,4.5,5.0,5.0,5.0,4.5,5.0,4.75,4.29
397,1183460523409924571,2,2,1,2024-06-27,2024-08-16,5.0,5.0,5.0,5.0,5.0,5.0,5.0,0.85
398,1184656403266667138,4,4,1,2024-06-28,2024-08-17,4.75,4.5,5.0,4.75,4.75,4.75,4.5,1.71
399,1185537980724624711,23,23,12,2024-07-01,2024-08-29,4.96,4.96,5.0,4.91,5.0,4.96,4.87,10.3
400,1185591493744586895,0,0,0,1900-01-01,1900-01-01,0.0,0.0,0.0,0.0,0.0,0.0,0.0,0.0
401,1187591175698501325,5,5,1,2024-07-06,2024-08-17,4.8,5.0,4.8,5.0,5.0,4.4,5.0,2.42
402,1189245100874558445,0,0,0,1900-01-01,1900-01-01,0.0,0.0,0.0,0.0,0.0,0.0,0.0,0.0
403,1189249179392132534,7,7,3,2024-07-14,2024-08-30,4.86,5.0,5.0,5.0,5.0,4.71,4.71,3.89
404,1191466513839284968,2,2,0,2024-07-12,2024-07-19,5.0,5.0,5.0,5.0,5.0,5.0,5.0,1.07
405,1191895319439613036,0,0,0,1900-01-01,1900-01-01,0.0,0.0,0.0,0.0,0.0,0.0,0.0,0.0
406,1192795085655166314,1,1,1,2024-08-12,2024-08-12,3.0,4.0,4.0,4.0,3.0,4.0,4.0,1.0
407,1196459023545165129,0,0,0,1900-01-01,1900-01-01,0.0,0.0,0.0,0.0,0.0,0.0,0.0,0.0
408,1198592120169206200,0,0,0,1900-01-01,1900-01-01,0.0,0.0,0.0,0.0,0.0,0.0,0.0,0.0
409,1201525324551556925,4,4,1,2024-07-21,2024-09-01,5.0,5.0,5.0,5.0,5.0,5.0,5.0,2.55
410,1208695175897245796,0,0,0,1900-01-01,1900-01-01,0.0,0.0,0.0,0.0,0.0,0.0,0.0,0.0
411,1209313814437527365,0,0,0,1900-01-01,1900-01-01,0.0,0.0,0.0,0.0,0.0,0.0,0.0,0.0
412,1210875317904799284,0,0,0,1900-01-01,1900-01-01,0.0,0.0,0.0,0.0,0.0,0.0,0.0,0.0
413,1211909842540237261,0,0,0,1900-01-01,1900-01-01,0.0,0.0,0.0,0.0,0.0,0.0,0.0,0.0
414,1223296094447723679,0,0,0,1900-01-01,1900-01-01,0.0,0.0,0.0,0.0,0.0,0.0,0.0,0.0
415,1223423894415302002,3,3,3,2024-08-19,2024-08-23,4.0,4.0,5.0,4.33,3.67,3.33,4.0,3.0
416,1223845635352908531,0,0,0,1900-01-01,1900-01-01,0.0,0.0,0.0,0.0,0.0,0.0,0.0,0.0
417,1223982811498688622,1,1,1,2024-08-21,2024-08-21,5.0,5.0,5.0,5.0,5.0,4.0,5.0,1.0
418,1224184445857718550,0,0,0,1900-01-01,1900-01-01,0.0,0.0,0.0,0.0,0.0,0.0,0.0,0.0
419,1227494196390230149,0,0,0,1900-01-01,1900-01-01,0.0,0.0,0.0,0.0,0.0,0.0,0.0,0.0
420,1229287611382413342,0,0,0,1900-01-01,1900-01-01,0.0,0.0,0.0,0.0,0.0,0.0,0.0,0.0
421,1229302903741056027,0,0,0,1900-01-01,1900-01-01,0.0,0.0,0.0,0.0,0.0,0.0,0.0,0.0
422,1229321787815935750,0,0,0,1900-01-01,1900-01-01,0.0,0.0,0.0,0.0,0.0,0.0,0.0,0.0
423,1229336497403850446,0,0,0,1900-01-01,1900-01-01,0.0,0.0,0.0,0.0,0.0,0.0,0.0,0.0
424,1233366548908684664,0,0,0,1900-01-01,1900-01-01,0.0,0.0,0.0,0.0,0.0,0.0,0.0,0.0
425,1237213202014250081,0,0,0,1900-01-01,1900-01-01,0.0,0.0,0.0,0.0,0.0,0.0,0.0,0.0
426,1237963668912797614,0,0,0,1900-01-01,1900-01-01,0.0,0.0,0.0,0.0,0.0,0.0,0.0,0.0
