id,listing_id,minimum_minimum_nights,maximum_minimum_nights,minimum_maximum_nights,maximum_maximum_nights,minimum_nights_avg_ntm,maximum_nights_avg_ntm,availability_30,availability_60,availability_90,availability_365
1,2992450,28,28,1125,1125,28.0,1125.0,0,0,0,158
2,3820211,2,3,1125,1125,2.8,1125.0,4,31,61,336
3,5651579,1,2,1125,1125,1.3,1125.0,1,4,34,34
4,6623339,1,3,1125,1125,2.7,1125.0,0,0,4,279
5,8035768,2,2,1125,1125,2.0,1125.0,30,57,87,362
6,8035784,3,3,65,65,3.0,65.0,30,60,90,179
7,9005989,1,1,1125,1125,1.0,1125.0,0,0,0,159
8,9501054,1,3,60,60,1.7,60.0,21,42,71,71
9,10768745,1,1,1125,1125,1.0,1125.0,5,10,40,123
10,11253948,1,2,1124,1124,1.3,1124.0,23,51,81,354
11,11639446,1,1,1125,1125,1.0,1125.0,30,60,90,365
12,12284708,18,18,1125,1125,18.0,1125.0,0,3,33,308
13,12799126,5,5,1125,1125,5.0,1125.0,0,3,33,307
14,13083497,2,2,1125,1125,2.0,1125.0,22,39,64,316
15,14316232,18,18,1125,1125,18.0,1125.0,22,28,58,333
16,14989805,1,4,730,730,2.0,730.0,0,0,12,287
17,15580397,2,2,1125,1125,2.0,1125.0,30,60,87,92
18,16531782,1,1,1125,1125,1.0,1125.0,9,25,47,318
19,17238066,3,3,1125,1125,3.0,1125.0,29,59,89,364
20,17514620,18,18,1125,1125,18.0,1125.0,3,33,63,338
21,18341426,2,3,1125,1125,2.3,1125.0,30,60,90,365
22,19527043,1,2,1125,1125,1.3,1125.0,21,43,69,242
23,19571496,18,18,730,730,18.0,730.0,3,33,63,338
24,20519885,4,4,1125,1125,4.0,1125.0,17,41,71,326
25,20620135,4,4,1125,1125,4.0,1125.0,28,58,88,363
26,20633175,2,2,1125,1125,2.0,1125.0,6,24,54,328
27,20671966,2,2,1125,1125,2.0,1125.0,8,11,41,316
28,21052414,10,18,1125,1125,15.7,1125.0,1,28,58,333
29,21392315,2,2,730,730,2.0,730.0,7,30,60,335
30,21449583,4,4,1125,1125,4.0,1125.0,30,60,90,365
31,21752534,3,3,730,730,3.0,730.0,22,52,82,357
32,21769213,18,18,1125,1125,18.0,1125.0,4,34,64,314
33,21769439,18,18,1125,1125,18.0,1125.0,0,13,43,318
34,22398196,1,2,1125,1125,2.0,1125.0,6,25,29,291
35,22431640,1,1,1125,1125,1.0,1125.0,5,30,59,59
36,24120690,2,2,1125,1125,2.0,1125.0,1,3,3,3
37,24606880,2,2,1125,1125,2.0,1125.0,0,16,46,321
38,24655782,1,1,1125,1125,1.0,1125.0,18,40,68,68
39,25549565,1,1,1125,1125,1.0,1125.0,7,17,38,125
40,25976514,3,3,1125,1125,3.0,1125.0,4,34,64,338
41,26139592,2,2,1125,1125,2.0,1125.0,19,37,67,341
42,27670660,2,2,1125,1125,2.0,1125.0,7,22,39,313
43,27692601,3,3,1125,1125,3.0,1125.0,30,60,90,179
44,28341274,1,1,1125,1125,1.0,1125.0,24,49,76,350
45,28400263,1,2,730,730,1.3,730.0,17,39,64,235
46,28519423,2,2,1125,1125,2.0,1125.0,30,57,57,58
47,28722270,1,3,1125,1125,2.2,1125.0,15,37,67,339
48,28868857,1,3,1125,1125,2.2,1125.0,15,36,66,338
49,28929840,1,1,1125,1125,1.0,1125.0,28,32,32,74
50,29605579,1,3,1125,1125,2.9,1125.0,1,27,57,332
51,30189794,2,2,1125,1125,2.0,1125.0,0,0,0,69
52,31210362,2,2,1125,1125,2.0,1125.0,21,51,81,356
53,32279028,1,1,1125,1125,1.0,1125.0,0,0,0,0
54,32450400,3,3,1125,1125,3.0,1125.0,30,60,90,179
55,32993402,1,3,1125,1125,2.2,1125.0,21,44,74,283
56,33558235,1,3,1125,1125,2.2,1125.0,26,40,70,345
57,34330970,1,1,1125,1125,1.0,1125.0,26,50,79,79
58,35793179,1,2,1125,1125,1.3,1125.0,11,29,54,227
59,35914565,1,1,1125,1125,1.0,1125.0,17,40,69,69
60,36443605,2,2,1125,1125,2.0,1125.0,30,60,90,365
61,38321579,1,1,1125,1125,1.0,1125.0,10,36,64,153
62,39093517,4,4,1125,1125,4.0,1125.0,30,56,86,361
63,39698576,5,5,1125,1125,5.0,1125.0,30,60,90,365
64,39836487,1,1,1125,1125,1.0,1125.0,7,22,51,134
65,39864828,1,2,14,14,1.3,14.0,5,24,42,195
66,40491172,3,3,700,700,3.0,700.0,18,25,45,311
67,40828178,1,1,800,800,1.0,800.0,0,0,0,3
68,40897436,7,7,1125,1125,7.0,1125.0,11,22,22,68
69,41319631,30,30,1125,1125,30.0,1125.0,0,0,0,215
70,42009788,7,7,1125,1125,7.0,1125.0,0,0,19,294
71,42092736,1,1,1125,1125,1.0,1125.0,6,23,53,142
72,42389085,2,7,1125,1125,3.1,1125.0,0,0,0,247
73,42391372,3,3,1125,1125,3.0,1125.0,29,56,86,350
74,42567833,70,70,1125,1125,70.0,1125.0,30,60,90,365
75,42763847,1,2,1125,1125,1.3,1125.0,0,3,33,122
76,43208391,2,2,29,29,2.0,29.0,27,55,84,84
77,43459803,3,4,1125,1125,3.4,1125.0,28,54,84,359
78,43736299,1,3,365,1125,1.0,1107.4,29,55,85,359
79,43955950,2,2,1125,1125,2.0,1125.0,22,46,75,75
80,44180048,1,1,365,365,1.0,365.0,8,29,59,332
81,44265426,1,1,1125,1125,1.0,1125.0,1,20,50,325
82,44450012,13,13,1125,1125,13.0,1125.0,0,0,6,280
83,45024912,1,1,365,365,1.0,365.0,0,0,2,277
84,45074220,2,2,29,29,2.0,29.0,30,57,86,86
85,45313545,2,2,1125,1125,2.0,1125.0,27,53,83,172
86,45334218,2,2,1125,1125,2.0,1125.0,9,18,20,20
87,45528939,1,2,1125,1125,1.3,1125.0,23,44,74,349
88,45529316,1,2,1125,1125,1.3,1125.0,16,40,68,337
89,45529447,1,2,1125,1125,1.3,1125.0,21,45,75,342
90,45804322,1,1,730,730,1.0,730.0,30,60,90,90
91,46894493,1,1,1125,1125,1.0,1125.0,5,10,36,291
92,47334913,3,3,1125,1125,3.0,1125.0,18,35,65,155
93,47345872,2,3,1125,1125,2.9,1125.0,17,42,72,346
94,47408047,3,3,700,700,3.0,700.0,23,50,80,355
95,47440071,2,2,1125,1125,2.0,1125.0,12,29,55,55
96,47828453,4,4,1125,1125,4.0,1125.0,30,56,86,361
97,47902629,14,14,365,365,14.0,365.0,29,59,89,364
98,47943571,1,4,1125,1125,1.9,1125.0,17,41,71,257
99,48052353,1,3,365,1125,1.0,1107.4,16,40,70,345
100,48124042,1,4,730,730,1.3,730.0,7,22,52,220
101,48172884,2,2,1125,1125,2.0,1125.0,22,41,65,340
102,48470454,2,2,1125,1125,2.0,1125.0,16,44,74,349
103,49886937,1,1,3,3,1.0,3.0,22,50,80,355
104,50088935,60,60,1125,1125,60.0,1125.0,0,0,24,299
105,50171851,2,2,365,365,2.0,365.0,4,9,19,108
106,50207226,1,2,1125,1125,1.3,1125.0,24,51,81,355
107,50211226,2,2,1125,1125,2.0,1125.0,16,35,65,340
108,50354540,3,3,365,365,3.0,365.0,30,60,90,365
109,50639032,3,3,1125,1125,3.0,1125.0,30,60,90,179
110,50890336,1,2,1125,1125,1.3,1125.0,0,3,33,308
111,51230498,1,1,1125,1125,1.0,1125.0,20,46,75,75
112,51461480,7,7,1125,1125,7.0,1125.0,5,5,5,55
113,51503537,4,4,1125,1125,4.0,1125.0,26,56,86,175
114,51560588,365,365,1125,1125,365.0,1125.0,29,59,89,364
115,51579900,1,2,1125,1125,1.3,1125.0,24,51,81,356
116,51592836,2,3,365,365,2.3,365.0,30,49,79,353
117,51710034,2,2,1125,1125,2.0,1125.0,27,51,81,355
118,51960331,1,1,7,7,1.0,7.0,27,55,83,172
119,51964868,2,2,365,365,2.0,365.0,0,7,37,311
120,52152157,3,3,1125,1125,3.0,1125.0,6,36,66,156
121,52225409,4,4,365,365,4.0,365.0,30,60,88,88
122,52241973,1,1,1125,1125,1.0,1125.0,12,31,58,58
123,52301345,2,5,1125,1125,2.6,1125.0,0,0,0,246
124,52359404,2,2,365,365,2.0,365.0,24,50,80,349
125,52360097,2,2,1125,1125,2.0,1125.0,28,53,83,355
126,52611613,2,2,1125,1125,2.0,1125.0,0,0,0,178
127,52619545,2,2,1125,1125,2.0,1125.0,26,52,81,81
128,52691284,2,2,1125,1125,2.0,1125.0,24,49,74,74
129,52836323,1,1,365,365,1.0,365.0,26,51,80,80
130,52837196,1,2,1125,1125,1.3,1125.0,27,52,80,355
131,52863776,1,1,1125,1125,1.0,1125.0,20,42,72,344
132,52923647,3,3,365,365,3.0,365.0,30,60,90,364
133,53115382,2,2,365,365,2.0,365.0,0,0,0,0
134,53312101,2,2,1125,1125,2.0,1125.0,5,32,62,62
135,53483727,1,1,28,28,1.0,28.0,19,38,68,246
136,53567589,1,1,28,28,1.0,28.0,14,31,56,330
137,53645427,1,2,1125,1125,1.3,1125.0,22,42,72,341
138,53860077,1,2,1125,1125,1.3,1125.0,30,55,85,360
139,53939991,30,30,365,365,30.0,365.0,30,60,90,364
140,53971505,13,13,1125,1125,13.0,1125.0,30,60,90,365
141,54097694,1,1,1,1,1.0,1.0,30,60,90,364
142,54126420,1,1,1125,1125,1.0,1125.0,28,58,88,362
143,54126421,1,1,1125,1125,1.0,1125.0,23,51,81,355
144,54126427,1,1,1,1125,1.0,1109.4,2,20,50,324
145,54128829,1,1,730,730,1.0,730.0,14,37,57,330
146,54150131,1,1,1125,1125,1.0,1125.0,14,24,49,317
147,54232383,2,2,28,28,2.0,28.0,4,4,5,5
148,54369238,3,3,1125,1125,3.0,1125.0,17,28,58,147
149,54369240,3,3,1125,1125,3.0,1125.0,12,24,54,329
150,552126406812197546,2,2,1125,1125,2.0,1125.0,0,0,0,246
151,553840513283735966,2,2,1125,1125,2.0,1125.0,0,0,0,246
152,554082470790988493,2,2,1125,1125,2.0,1125.0,0,0,0,246
153,559249822516788574,5,6,1125,1125,5.9,1125.0,29,59,89,363
154,563711706943869398,2,2,365,365,2.0,365.0,30,60,90,364
155,565171585673492875,1,1,1125,1125,1.0,1125.0,19,45,74,74
156,581057744765912905,1,2,1125,1125,1.3,1125.0,30,57,87,361
157,588298411730694861,13,13,365,365,13.0,365.0,4,6,6,264
158,593272120497643087,1,1,1125,1125,1.0,1125.0,16,45,71,71
159,597655328370142613,2,2,1125,1125,2.0,1125.0,30,56,85,85
160,610090811367811938,2,2,183,183,2.0,183.0,18,42,72,339
161,617242073954595468,1,1,28,28,1.0,28.0,13,34,61,89
162,618673322156725003,4,4,61,61,4.0,61.0,0,0,3,182
163,619695112394148331,13,13,365,365,13.0,365.0,0,0,0,31
164,620480926228934988,2,2,1125,1125,2.0,1125.0,30,56,86,360
165,621960198566758900,2,2,1125,1125,2.0,1125.0,14,31,58,332
166,623102454293479631,1,1,1125,1125,1.0,1125.0,21,46,75,75
167,625346918039601608,1,1,1125,1125,1.0,1125.0,0,0,0,129
168,628163387057233327,1,2,1125,1125,1.3,1125.0,20,46,76,351
169,628824127129967353,2,2,7,7,2.0,7.0,29,59,88,88
170,631035244220396236,1,2,1125,1125,1.3,1125.0,27,54,84,358
171,631778545710518995,2,2,28,28,2.0,28.0,0,0,0,0
172,634108143238179968,3,4,1125,1125,3.2,1125.0,0,3,33,122
173,636902252641496970,10,10,1125,1125,10.0,1125.0,26,56,85,85
174,646570081594519710,24,24,365,365,24.0,365.0,0,0,2,91
175,649973892551492641,14,14,365,365,14.0,365.0,0,0,0,239
176,653433851241162365,2,2,1125,1125,2.0,1125.0,4,32,62,90
177,654302747324294105,1,2,1125,1125,1.3,1125.0,5,33,63,337
178,657130517248738038,4,4,1125,1125,4.0,1125.0,29,53,83,262
179,658160753231817095,30,30,1125,1125,30.0,1125.0,5,35,64,64
180,658638185191740358,5,5,1125,1125,5.0,1125.0,0,0,0,251
181,662132809952482192,7,7,1125,1125,7.0,1125.0,4,34,64,338
182,667644674529935702,2,2,1125,1125,2.0,1125.0,30,55,84,84
183,668608096674070882,2,2,1125,1125,2.0,1125.0,15,42,68,68
184,668608486588067880,1,2,1125,1125,1.1,1125.0,15,44,70,70
185,677623197606854496,2,2,29,29,2.0,29.0,0,0,0,0
186,681241051140825073,7,7,365,365,7.0,365.0,19,49,78,78
187,681264183196450583,20,20,1125,1125,20.0,1125.0,26,56,85,85
188,681952268271889535,1,3,365,365,1.8,365.0,0,0,0,0
189,682687626408133288,1,1,1125,1125,1.0,1125.0,22,45,74,74
190,684100173908872919,1,1,730,730,1.0,730.0,27,52,80,80
191,687496906843024117,1,1,365,365,1.0,365.0,0,0,0,12
192,688355255688353452,1,1,365,365,1.0,365.0,29,55,85,349
193,689719338468663432,1,1,21,21,1.0,21.0,10,25,54,233
194,692807914756117019,1,1,1125,1125,1.0,1125.0,20,37,67,135
195,699073700185633508,30,30,365,365,30.0,365.0,26,26,26,100
196,703551649845095095,2,2,1125,1125,2.0,1125.0,0,21,47,203
197,705660262559003663,13,13,365,365,13.0,365.0,0,0,11,286
198,712542707120872702,5,30,1125,1125,29.5,1125.0,25,25,25,25
199,714335368144257108,3,3,365,365,3.0,365.0,29,59,89,363
200,717373135846408345,1,2,1125,1125,1.6,1125.0,21,48,77,77
201,723956857052424266,1,2,30,1125,1.1,763.4,16,25,40,286
202,724566770267420045,2,2,130,130,2.0,130.0,11,37,67,95
203,733964865705013296,14,14,365,365,14.0,365.0,0,0,0,35
204,735879623743921266,1,3,1125,1125,2.2,1125.0,17,44,74,344
205,736893992132754814,30,30,365,365,30.0,365.0,3,33,63,338
206,737574278276037589,1,1,1125,1125,1.0,1125.0,30,57,86,86
207,739722503092755616,2,2,1125,1125,2.0,1125.0,18,46,76,350
208,743600140734706394,1,2,365,365,1.7,365.0,0,9,39,314
209,744430701454304507,2,2,1125,1125,2.0,1125.0,6,24,54,328
210,750748704706045644,1,1,1125,1125,1.0,1125.0,0,0,17,291
211,751421033442627559,2,2,1125,1125,2.0,1125.0,28,56,86,360
212,752118894541630543,2,2,1125,1125,2.0,1125.0,19,44,74,348
213,752337379205662422,1,1,1125,1125,1.0,1125.0,24,50,80,352
214,756752556396798800,5,5,365,365,5.0,365.0,0,0,3,92
215,757342235277207834,7,7,365,365,7.0,365.0,7,37,67,341
216,757978037279611051,2,2,1125,1125,2.0,1125.0,13,38,67,67
217,761141715827746314,1,1,1125,1125,1.0,1125.0,26,53,83,357
218,764508866835218670,1,1,10,10,1.0,10.0,30,60,89,89
219,774701102203414342,3,5,90,90,5.0,90.0,10,16,46,225
220,775645647912379518,2,2,1125,1125,2.0,1125.0,15,32,62,282
221,786181179052991690,1,1,365,365,1.0,365.0,17,18,48,322
222,786196811078165173,30,30,365,365,30.0,365.0,0,0,0,0
223,786228331433922432,2,2,365,365,2.0,365.0,30,56,86,360
224,786316043239579100,2,2,1125,1125,2.0,1125.0,14,15,15,15
225,787023821243442039,1,3,365,1125,1.0,1112.7,22,41,69,336
226,788301415655396660,1,1,1125,1125,1.0,1125.0,25,52,81,81
227,793223286704705121,3,3,1125,1125,3.0,1125.0,5,29,59,333
228,794723189688979530,3,3,1125,1125,3.0,1125.0,4,30,60,334
229,795541666227926706,1,1,365,365,1.0,365.0,0,0,0,0
230,796231143904004713,1,1,1125,1125,1.0,1125.0,22,43,73,344
231,797455132224782470,2,2,1125,1125,2.0,1125.0,30,60,87,87
232,798715218269100922,1,1,1125,1125,1.0,1125.0,25,25,25,25
233,802216634798169031,1,1,365,365,1.0,365.0,24,47,77,347
234,803604897479679272,14,14,365,365,14.0,365.0,0,14,44,318
235,803682039097862541,2,2,730,730,2.0,730.0,26,51,81,350
236,803814397190632412,1,1,365,365,1.0,365.0,26,50,80,352
237,803867986023966300,1,1,365,365,1.0,365.0,15,42,72,346
238,806767523952124375,1,1,1125,1125,1.0,1125.0,8,30,30,269
239,809524698302742033,30,30,365,365,30.0,365.0,0,0,23,112
240,813640070361665090,2,2,365,365,2.0,365.0,20,50,80,354
241,816085193659797849,1,1,1125,1125,1.0,1125.0,0,0,3,278
242,821566342267452838,2,2,1125,1125,2.0,1125.0,0,0,0,246
243,823275570359807298,7,7,80,80,7.0,80.0,0,0,0,0
244,826301775871257033,1,1,365,365,1.0,365.0,0,0,0,270
245,831122937768017113,1,2,1125,1125,1.0,1125.0,17,38,65,101
246,841524382518312215,3,3,365,365,3.0,365.0,30,57,87,361
247,841524433909352403,3,3,365,365,3.0,365.0,0,0,0,234
248,843481456379840308,1,1,365,365,1.0,365.0,30,57,87,361
249,845960193409947556,1,2,1125,1125,1.3,1125.0,13,35,63,96
250,846586211673806912,3,3,1125,1125,3.0,1125.0,0,0,0,237
251,849460179246794510,2,2,28,28,2.0,28.0,4,30,60,239
252,850173470105833039,1,1,1125,1125,1.0,1125.0,14,31,59,319
253,850653820133738660,3,4,89,89,4.0,89.0,25,51,80,80
254,857981934159027424,3,4,365,365,3.7,365.0,28,55,81,355
255,870457209918967324,2,2,1125,1125,2.0,1125.0,0,0,0,246
256,879054943124868639,7,7,180,180,7.0,180.0,24,54,84,263
257,880290989870286099,2,2,1125,1125,2.0,1125.0,0,0,3,92
258,881231954286264195,1,1,1125,1125,1.0,1125.0,5,32,62,336
259,882229561343619620,2,2,1125,1125,2.0,1125.0,26,47,77,166
260,887167811237271928,1,1,1125,1125,1.0,1125.0,28,56,86,358
261,887179061681202083,1,1,365,365,1.0,365.0,30,59,89,361
262,888859204851381094,2,3,1125,1125,2.1,1125.0,17,41,71,342
263,898743867240851780,2,2,1125,1125,2.0,1125.0,26,51,80,80
264,899222617912073384,2,2,1125,1125,2.0,1125.0,30,60,90,364
265,902166216060824525,1,2,1125,1125,1.4,1125.0,20,44,74,348
266,902326803627859755,89,89,365,365,89.0,365.0,0,0,23,297
267,904392960639597224,1,1,730,730,1.0,730.0,30,60,90,269
268,905007131419044966,1,3,365,1125,1.0,1107.4,20,44,74,348
269,908035738595779392,2,2,28,28,2.0,28.0,0,0,0,0
270,910155617642317638,1,1,10,10,1.0,10.0,0,0,0,0
271,917510613914219375,1,1,10,10,1.0,10.0,0,0,0,0
272,917639722733180899,1,1,100,1125,1.0,961.7,6,21,44,309
273,919055506310955442,1,1,365,365,1.0,365.0,30,60,90,364
274,921076441920995839,7,7,365,365,7.0,365.0,27,57,87,266
275,922634062451094710,3,3,90,90,3.0,90.0,15,15,15,15
276,928948908785846870,1,1,1125,1125,1.0,1125.0,10,17,43,210
277,932618854176539492,1,1,1125,1125,1.0,1125.0,26,54,84,358
278,932642358896439621,1,1,1125,1125,1.0,1125.0,26,52,82,356
279,934035097653060273,1,1,365,365,1.0,365.0,27,50,80,354
280,937837897631191844,1,1,365,365,1.0,365.0,24,44,73,210
281,937838302933205871,1,1,1125,1125,1.0,1125.0,24,44,73,210
282,937917144482762419,1,1,365,365,1.0,365.0,27,54,84,223
283,937927979762952955,1,1,365,365,1.0,365.0,29,57,87,201
284,937935210290408974,1,1,365,365,1.0,365.0,27,54,84,198
285,937943638262956751,1,1,365,365,1.0,365.0,20,44,67,198
286,937959604296602771,1,1,365,365,1.0,365.0,23,42,71,206
287,937966967490420635,1,1,365,365,1.0,365.0,27,52,81,216
288,938260134617291567,1,1,365,365,1.0,365.0,25,49,79,214
289,938266199766701429,1,1,365,365,1.0,365.0,26,48,78,215
290,938271786418327576,1,1,365,365,1.0,365.0,24,44,74,252
291,938280419686165005,1,1,365,365,1.0,365.0,14,21,49,181
292,938421117122010799,2,2,365,365,2.0,365.0,0,0,0,262
293,938431811499141903,2,2,365,365,2.0,365.0,23,23,26,300
294,938475906652462790,3,3,365,365,3.0,365.0,29,59,89,268
295,942750363293463100,2,2,365,365,2.0,365.0,28,58,88,267
296,950211425725610511,1,2,1125,1125,1.0,1125.0,13,30,55,234
297,950613505102507073,1,1,365,365,1.0,365.0,0,0,0,0
298,956423465030072969,1,1,1125,1125,1.0,1125.0,0,0,0,0
299,957914480227791276,1,1,1125,1125,1.0,1125.0,8,25,46,308
300,958199983873241221,2,2,365,365,2.0,365.0,15,39,69,158
301,963920695464462572,1,1,1125,1125,1.0,1125.0,19,47,77,351
302,966287799980701967,2,3,365,365,2.9,365.0,17,33,63,153
303,969886763377526954,1,1,1125,1125,1.0,1125.0,18,48,78,257
304,977732791678350126,180,180,1125,1125,180.0,1125.0,0,20,50,229
305,980034348801186320,1,1,1125,1125,1.0,1125.0,26,50,80,355
306,983306819910081094,2,2,28,28,2.0,28.0,1,1,1,1
307,984424314263349846,1,1,365,365,1.0,365.0,30,57,87,361
308,989010058281318863,30,30,180,180,30.0,180.0,1,31,61,240
309,989897095065962672,1,1,1125,1125,1.0,1125.0,2,29,59,238
310,992119832780871644,3,3,1125,1125,3.0,1125.0,28,58,88,177
311,993431459821117738,7,7,27,27,7.0,27.0,0,0,0,0
312,999161887055542119,1,1,1125,1125,1.0,1125.0,29,55,57,57
313,1004978540001566331,2,2,1125,1125,2.0,1125.0,11,30,57,57
314,1005314747552182329,1,1,1125,1125,1.0,1125.0,3,28,58,332
315,1005978346817864540,1,3,1125,1125,2.2,1125.0,19,46,76,350
316,1007354086435981132,1,1,1125,1125,1.0,1125.0,30,57,87,266
317,1010759793485911351,1,1,1125,1125,1.0,1125.0,4,30,60,239
318,1010759799610182054,1,1,1125,1125,1.0,1125.0,0,24,54,233
319,1013659440189111738,1,1,1125,1125,1.0,1125.0,0,0,0,169
320,1014739415604882278,5,5,365,365,5.0,365.0,1,6,8,8
321,1014871544925070480,1,1,1125,1125,1.0,1125.0,15,33,49,307
322,1015385216942267174,1,1,365,365,1.0,365.0,24,54,83,83
323,1016050146219474145,1,1,1125,1125,1.0,1125.0,28,55,85,113
324,1018299533220989494,1,1,365,365,1.0,365.0,20,43,73,252
325,1018972187574908115,1,1,1125,1125,1.0,1125.0,19,43,73,347
326,1020518500251473070,1,1,14,14,1.0,14.0,14,37,66,66
327,1020993107237604444,1,1,365,365,1.0,365.0,25,53,82,261
328,1021011347006185640,1,2,1125,1125,1.3,1125.0,19,46,75,254
329,1023053182224590019,2,2,1125,1125,2.0,1125.0,17,38,65,65
330,1028530521404077289,3,3,1125,1125,3.0,1125.0,0,0,0,205
331,1034722814589239236,14,14,365,365,14.0,365.0,0,3,32,32
332,1040121861433023182,1,1,2,2,1.0,2.0,24,44,74,162
333,1040624808363695229,1,1,1125,1125,1.0,1125.0,9,35,65,153
334,1041185569146627476,2,2,1125,1125,2.0,1125.0,20,26,26,26
335,1043565517982254841,1,1,1125,1125,1.0,1125.0,27,50,78,245
336,1043698525924990350,2,3,3,3,2.1,3.0,0,3,25,114
337,1046458066266475264,1,1,1125,1125,1.0,1125.0,30,60,90,269
338,1051544181986274174,15,15,90,90,15.0,90.0,0,0,0,151
339,1052381112116173923,30,30,365,365,30.0,365.0,30,60,90,149
340,1056068682616336229,3,3,90,90,3.0,90.0,6,32,61,61
341,1056469473906808728,2,2,1125,1125,2.0,1125.0,29,59,89,268
342,1057932481605319073,1,1,30,30,1.0,30.0,30,60,90,269
343,1061814091773376272,1,3,1125,1125,2.5,1125.0,15,42,72,276
344,1062527013885315764,4,4,88,88,4.0,88.0,6,32,61,61
345,1072781767409521866,1,1,1125,1125,1.0,1125.0,0,0,0,151
346,1073179963201889958,20,20,365,365,20.0,365.0,0,0,0,271
347,1075444056381274297,2,2,10,10,2.0,10.0,13,34,58,84
348,1079742757364810916,14,28,1125,1125,14.4,1125.0,3,33,63,92
349,1090781013234004527,14,14,365,365,14.0,365.0,29,59,89,268
350,1090800410444414860,14,14,365,365,14.0,365.0,29,59,89,268
351,1091422934956081673,2,2,365,365,2.0,365.0,2,28,58,58
352,1091500387329731524,2,2,365,365,2.0,365.0,19,44,73,73
353,1097201673425863720,1,1,1125,1125,1.0,1125.0,8,30,58,141
354,1097995825442731795,1,2,365,365,2.0,365.0,7,27,52,52
355,1100876731732967826,3,3,365,365,3.0,365.0,21,48,78,167
356,1102984130027939637,1,1,365,365,1.0,365.0,27,55,85,174
357,1104977057298366617,1,1,365,365,1.0,365.0,0,0,3,182
358,1105303461851883481,7,7,365,365,7.0,365.0,9,39,69,248
359,1108060100336766656,1,1,365,365,1.0,365.0,30,60,90,364
360,1111221935683053416,3,3,365,365,3.0,365.0,27,54,84,263
361,1114084795618939736,28,28,365,365,28.0,365.0,14,44,74,253
362,1119691401020641385,1,1,365,365,1.0,365.0,30,58,88,177
363,1119844407084108907,1,1,365,365,1.0,365.0,22,48,77,77
364,1120212616553191970,1,1,365,365,1.0,365.0,30,58,88,177
365,1121699903906738345,2,2,365,365,2.0,365.0,0,0,3,182
366,1123231471304541808,1,1,30,365,1.0,361.1,16,36,66,245
367,1124558577325015506,3,3,365,365,3.0,365.0,0,0,0,167
368,1124632058968031818,3,3,365,365,3.0,365.0,3,3,3,169
369,1128332989288304495,2,3,1125,1125,2.1,1125.0,0,0,0,0
370,1128386510439836615,25,25,365,365,25.0,365.0,0,0,0,61
371,1129005873707096339,30,30,365,365,30.0,365.0,30,60,90,269
372,1131258472427093335,1,1,120,120,1.0,120.0,18,44,74,344
373,1134940445251354534,14,14,365,365,14.0,365.0,0,0,23,202
374,1135812630237897119,7,7,365,365,7.0,365.0,0,0,0,142
375,1136433500940918827,60,60,365,365,60.0,365.0,0,3,33,307
376,1138989607102299187,2,2,365,365,2.0,365.0,0,0,0,0
377,1141525488442370659,7,7,365,365,7.0,365.0,5,35,65,245
378,1142828940864329671,2,2,365,365,2.0,365.0,0,0,0,0
379,1142832011692120213,4,4,365,365,4.0,365.0,0,8,38,217
380,1146241260871564965,1,1,365,365,1.0,365.0,11,32,57,57
381,1146352622413555849,2,2,365,365,2.0,365.0,9,39,69,248
382,1147092019793504034,1,1,365,365,1.0,365.0,23,45,75,75
383,1150611568915810847,2,2,90,90,2.0,90.0,26,53,82,82
384,1158059552251999833,60,60,365,365,60.0,365.0,30,60,90,269
385,1158239701426064904,30,30,365,365,30.0,365.0,0,0,0,136
386,1160398377613465255,15,15,365,365,15.0,365.0,30,60,90,269
387,1164651175585600815,1,1,365,365,1.0,365.0,26,54,84,358
388,1169514128026903528,1,2,60,60,1.7,60.0,28,53,80,172
389,1170384250566304506,2,2,31,31,2.0,31.0,28,53,83,170
390,1171795874799450911,1,1,365,365,1.0,365.0,23,49,79,259
391,1171885189346375850,2,2,60,1125,2.0,593.7,28,53,80,172
392,1173390858101803102,2,2,365,365,2.0,365.0,28,55,84,84
393,1174544643387116469,1,1,365,365,1.0,365.0,13,21,48,226
394,1175235317794137317,20,20,366,366,20.0,366.0,0,0,0,0
395,1182574461437954732,1,1,1125,1125,1.0,1125.0,15,43,72,72
396,1183457852972127594,1,1,1125,1125,1.0,1125.0,24,52,81,81
397,1183460523409924571,1,1,1125,1125,1.0,1125.0,21,48,77,77
398,1184656403266667138,1,1,365,365,1.0,365.0,30,57,86,86
399,1185537980724624711,1,1,1,1125,1.0,61.9,2,9,25,70
400,1185591493744586895,30,30,365,365,30.0,365.0,30,60,90,269
401,1187591175698501325,1,1,365,365,1.0,365.0,13,41,70,70
402,1189245100874558445,1,2,1,1125,1.2,1050.5,25,25,25,240
403,1189249179392132534,1,2,1,1125,1.3,332.0,26,50,80,355
404,1191466513839284968,1,1,3,3,1.0,3.0,30,60,90,364
405,1191895319439613036,28,28,365,365,28.0,365.0,23,53,83,357
406,1192795085655166314,1,1,180,180,1.0,180.0,24,54,84,263
407,1196459023545165129,5,5,1125,1125,5.0,1125.0,0,0,0,244
408,1198592120169206200,60,60,365,365,60.0,365.0,0,7,37,126
409,1201525324551556925,2,2,30,30,2.0,30.0,0,0,11,100
410,1208695175897245796,30,30,365,365,30.0,365.0,0,9,39,313
411,1209313814437527365,3,3,92,92,3.0,92.0,30,54,83,83
412,1210875317904799284,3,3,90,90,3.0,90.0,24,54,84,358
413,1211909842540237261,1,1,365,365,1.0,365.0,30,60,90,364
414,1223296094447723679,1,1,365,365,1.0,365.0,25,53,82,82
415,1223423894415302002,1,1,365,365,1.0,365.0,24,45,74,346
416,1223845635352908531,3,3,365,365,3.0,365.0,7,37,67,341
417,1223982811498688622,2,3,1125,1125,2.1,1125.0,13,28,58,333
418,1224184445857718550,1,1,365,365,1.0,365.0,13,42,72,347
419,1227494196390230149,3,3,365,365,3.0,365.0,29,59,89,363
420,1229287611382413342,1,1,1125,1125,1.0,1125.0,30,58,88,362
421,1229302903741056027,1,1,1125,1125,1.0,1125.0,29,55,85,359
422,1229321787815935750,1,1,1125,1125,1.0,1125.0,27,55,85,359
423,1229336497403850446,1,1,1125,1125,1.0,1125.0,24,51,81,355
424,1233366548908684664,1,1,365,365,1.0,365.0,15,35,64,64
425,1237213202014250081,1,1,365,365,1.0,365.0,28,58,88,362
426,1237963668912797614,2,2,365,365,2.0,365.0,29,56,86,360
